Alberta Medieval Settlement, 403-689-9426, silverhorsejen@hotmail.com, , Box49152OgdenCalgaryABT2C3W5 
Alberta Health Services - Rockyview General Hospital, 403-943-3861, rghvolunteer.resources@albertahealthservices.ca, , 700714StreetSWCalgaryABT2V1P9 
Alberta Hands & Voices, 403-613-2606, info@albertahandsandvoices.com, http://albertahandsandvoices.com/, 7620ElbowDriveSwSuite327CalgaryABT2V1K2 
Alberta Playwrights' Network Society, 403-269-8564, trevor@albertaplaywrights.com, www.albertaplaywrights.com, 331-41stAvenueNECalgaryABT2E2N4 
Alzheimer Society of Calgary, 403-290-0110, volunteer@alzheimercalgary.ca, www.alzheimercalgary.ca, 8007015MacLeodTrailSWCalgaryABT2H2K6 
Alberta Hospice Palliative Care Association, 403-206-9938, communications@ahpca.ca, www.ahpca.ca, #110,10512AveSECalgaryABT2G1A1 
Alberta Health Services- Okotoks, 403-933-6564, robin.carnegie@ahs.ca, , 717GovernmentRoadBlackDiamondABT0L0H0 
Alberta Community Ambassadors, 587-700-8665, communityambassadors@shaw.ca, www.communityambassadors.ca, 420QuarryVillasSECalgaryABT2C5K1 
Alberta Guide Dogs - a division of British Columbia Guide Dog Services, 403-258-0819, info@albertaguidedog.com, http://bcandalbertaguidedogs.com, #11,6115-4thStSECalgaryABT2H2H9 
Alberta Lymphedema Association, 403-281-9205, lymphnet@telus.net, www.albertalymphedema.com, 2406-10MarketBlvdSEAirdrieABT4A0W8 
Alberta Science Network, The, 403-771-4510, volunteers@albertasciencenetwork.ca, http://www.albertasciencenetwork.ca/index.html, 70HighStreetSEPOBox89088CalgaryABT2Z3W3 
Alberta Ecotrust Foundation, 403-209-2245, info@albertaecotrust.com, www.albertaecotrust.com, #25030510aveSECalgaryABT2G0W2 
Alberta Society of Artists, 403-265-0012, volunteer@AlbertaSocietyOfArtists.com, www.albertasocietyofartists.com, #302-123526thAvenueSECrossroadsArtCentreCalgaryABT2G1R7 
ALS Society of Alberta, 403-228-3857, kim@alsab.ca, http://www.alsab.ca, 787410StreetNECalgaryABT2E8W1 
Alberta Health Services - HomeCare Calgary, 403-943-4702, volunteer.calgaryhomecare@ahs.ca, http://bit.ly/AHSHomeCareVolunteerOpportunities, 350026aveNECalgaryABT1Y6J4 
Alberta Health Services - Foothills Medical Centre, 403-944-1336, fmcvolunteer.resources@ahs.ca, , norequiredaddressCalgaryABT2N2T9 
Alberta River Surfing Association, 403-606-5091, juska.andrea@gmail.com, https://albertariversurfing.com/, 23244avenwCalgaryABT2N0N9 
Animal Rescue Foundation of Alberta (ARF), 403-243-1910, volunteering@arf.ab.ca, www.arf.ab.ca, P.O.Box34160RPOWestbrookCalgaryABT3C3W2 
Alex Community Health Centre, 403-513-7422, sstokes@thealex.ca, www.thealex.ca, 2840-2aveSECalgaryABT2W1K2 
Alberta Seventh Step Society, The, 403-228-7778, comworker@albertaseventhstep.com, www.albertaseventhstep.com, 182027thAvenueS.W.FederalInstitutionsinAlbertaCalgaryandAreaABT2T1H1 
Alberta Institute for Wildlife Conservation (AIWC), 403-946-2361, volunteer@aiwc.ca, www.aiwc.ca, 25244TWP282MaddenABT0M1L0 
Alberta Printmakers Society, 403-287-1056, director@albertaprintmakers.com, www.albertaprintmakers.com, 40254thstreetSECalgaryABT2G2W4 
Alberta College of Art + Design Students' Association, 403-284-7625, director.acadsa@acad.ca, www.acadsa.ca, 140714AveNWCalgaryABT2N4R3 
Alberta Community Crime Prevention Association, 403-313-2566, connect@albertacrimeprevention.com, www.albertacrimeprevention.com, 160914STSWCalgaryABT3C1E4 
Afrikadey! Arts & Culture Society, 403-234-9110, motolad.afrikadey@gmail.com, afrikadey.org, 698EauClaireAveSWPrinceIslandParkCalgaryABT2E3R4 
Adult Recreational Choir Society of Calgary, 403-282-4378, executivedirector@archoirs.org, , 28CrowfootTerracePOBox68242CalgaryABT3G3N8 
Adult Literacy Tutoring Service (ALTS), 403-440-7246, osemmens@mtroyal.ca, , 4825MountRoyalGateSWCalgaryABT3B4A7 
12 Community Safety Initiative, 587-223-3749, larry@12csi.ca, 12csi.ca, 250,3515-17AvenueSECalgary,ABT2A0R5 
Southern Alberta Brain Injury Society, 403-521-5212, annalise@sabis.ab.ca, www.sabis.ab.ca, 140,30114thStreetNWCalgaryABT2N2A1 
Alberta Children's Hospital Foundation, 403-955-8838, jlyall@achf.com, cildrenshospital.ab.ca , ManylocationsCalgaryABT3B6A8 
Alberta Association of Immigrant Serving Agencies, 403-273-2962, communications@aaisa.ca, https://aaisa.ca/, #200903-8AvenueSWCalgaryABT2P0P7 
Acadia Community Association, 403-697-4822, memberhsip@acadiaca.com, www.acadiaca.com, 240-90thAveSE240-90thAveSECalgaryABT2J6P6 
Alberta Addicts Who Educate and Advocate Responsibly, 403-614-7623, executivedirector@aawear.org, www.aawear.org, 12134StSWCALGARYABT2R0X7 
Acadia Community Garden and Art Society, 403-800-8365, info@growingacadia.ca, , 332–94thAvenueSECalgaryABT2J0E8 
Affinity Mentorship Foundation (AMF), 403-200-9766, info@affinitymentorship.com, affinitymentorship.com, POBox14058RichmondRoadPOCalgaryABT3E7Y7 
ActionDignity, 403-263-9900, info@actiondignity.org, www.actiondignity.org, 91533StreetNortheastCalgaryABT2A6T2 
Adoption By Choice, 403-245-8854, jerri-lynn.deveau@adoptionbychoice.ca, www.adoptionbychoice.ca, #250,311512StreetNECalgaryABT2E7J2 
Age-Friendly Calgary, 403-476-7244, agefriendlycalgary@calgary.ca, www.calgary.ca/agefriendly, Mailcode#104P.O.Box2100,Stn.MCalgaryABT2P2M5 
Accessible Housing, 403-282-1872, info@accessiblehousing.ca, http://accessiblehousing.ca/, DeerfootJunctionIIISuite#215,1212-31stAveNECalgaryABT2E7S8 
Airdrie & District Hospice Society, 403-880-0424, hospiceairdrie@gmail.com, www.airdriehospice.ca, Box70014CreeksideRPOAirdrieABT4B0V9 
Abbeydale Christian Fellowship, 403-273-6222, mail@abbeydale.org, http://abbeydale.org/index.php/connect/community-cupboard, 1352AbbeydaleDriveSECalgaryABT2A7L8 
Alberta Cancer Foundation, 403-998-2895, Paula.Bildfell@albertacancer.ca, https://www.albertacancer.ca/, 162029thStreetNWUnit300CalgaryABT2N4L7 
Alberta Animal Rescue Crew Society, 403-250-7377, rachel@aarcs.ca, www.aarcs.ca, 506074thAveSECalgaryABT2C3C9 
AgeCare, 403-351-8974, volunteers@agecare.ca, https://www.agecare.ca/careers/volunteer/, 19655WaldenBlvdSE,CalgaryABT2X0N7 
Accessibility Renovations for Kids (ARK) Society, 587-997-5024, bridgit.kong@arksociety.ca, https://www.arksociety.ca, VariesCalgaryABT2C4P5 
Airdrie Food Bank, 403-948-0063, volunteers@airdriefoodbank.com, www.airdriefoodbank.com, 20EastLakeWayAirdrieABT4A2J3 
Airdrie and District Victim Assistance, 403-945-7290, colleen.maurice@rcmp-grc.gc.ca, http://www.airdrievictimassistance.com/, 2HighlandParkWayNEAirdrieABT4A0R1 
Airdrie 2020, 587-254-8020, volunteers@airdrie2020.com, www.albertawintergames.ca, 805MainStreetSAirdrieABT4B0R6 
Canadian Liver Foundation, 403-276-3390, twiebe@liver.ca, www.liver.ca, Suite309,1010-1AvenueNECalgaryABT2E7W7 
Carewest, 403-943-8170, empserv@albertahealthservices.ca, http://carewest.ca/dir/volunteering/, VariousCarewestLocationsMainOffice:10301SouthportLaneSWCalgaryABT2W1S7 
Canadian Club Calgary, 403-831-3566, President@canadianclubcalgary.ca, http://canadianclubcalgary.ca/, POBox574,STNMCalgaryABT2P2J2 
Centre for Newcomers, 403-539-5854, e.mew@centrefornewcomers.ca, www.centrefornewcomers.ca, Unit1010,999-36thStreetNECalgaryABT2A7X6 
Centre for Suicide Prevention, 403-245-3900, akash@suicideinfo.ca, https://www.suicideinfo.ca/, Suite320,10512AvenueS.E.CalgaryABT2G1A1 
Champions Career Centre, 403-265-5374, reception@championscareercentre.org, championscareercentre.org, Suite650,839-5thaveSWCalgaryABT2P3C8 
Cerebral Palsy Kids and Families, 403-205-4935, karen@calgarycp.org, www.calgarycp.org, 1217015MacleodTrailSWCalgaryABT2H2K6 
Catholic Family Service, 403-205-8549, ellyse.lambie@cfs-ab.org, www.cfs-ab.org, 250,707-10AvenueSWCalgaryABT2R0B3 
Canadian Blood Services Youth Committee, 587-890-5827, calgaryyc.vrc@gmail.com, https://www.blood.ca, 200BarclayParadeSWUnit#10CalgaryABT2P4R5 
Canadian Hispanic Village Coop Housing, 403-590-0868, lasamericasvillas.adm@shaw.ca, https://canadianhispanicvillageco-op.ca/, 89LasAmericasVillasNECalgaryABT1Y6Y6 
CAREERS: The Next Generation, 780-239-4817, sjones@nextgen.org, https://www.careersnextgen.ca/, 272512StreetNECalgaryABT2E7J2 
Canadian Blood Services, 403-410-2725, calgaryyc.syp@gmail.com, www.blood.ca, 200BarclayParadeSW#202CalgaryABT2P4R5 
CanLearn Society, 403-686-9300, library@canlearnsociety.ca, https://www.canlearnsociety.ca, 100-1117MacleodTrailSECalgaryABT2G2M8 
Career Match, 403-827-5315, careermatchyyc@gmail.com, https://careermatchalberta.com, 101K1919UniversityDriveNwCalgaryABT2N4T4 
CARE Canada, 403-607-1842, ulrike.thomas@care.ca, https://care.ca/get-involved/councils-care-canada, VariousLocationsCalgaryABT2Z1H4 
Canadian Child Abuse Association, 403-289-8385, aliceg@ccaa.org, www.ccaa.org, P.O.Box42066,AcadiaPostalOutletCalgaryABT2J7A6 
Cerebral Palsy Association in Alberta, 403-219-1573, smccaffrey@cpalberta.com, http://www.cpalberta.com/about-us/opportunities/calgary-volunteers/, 12001-44StSECalgaryABT2Z4G9 
Canadian Parks and Wilderness Society Southern Alberta Chapter (CPAWS SAB), 403-232-6686, volunteersab@cpaws.org, , 88CanadaOlympicRoadSWCalgaryABT3B5R5 
Canadian National Institute for the Blind (CNIB)- Calgary, 403-266-8831, absvolunteers@cnib.ca, www.cnib.ca, 10-11AStNECalgaryABT2E4Z3 
Carya Society of Calgary (formely called Calgary Family Services), 403-205-5281, hr@caryacalgary.ca, caryacalgary.ca, 180,839-5thAvenueSWCalgaryABT2P3C8 
Canadian Mental Health Association (CMHA), 403-297-1700, volunteer1@cmha.calgary.ab.ca, http://cmha.calgary.ab.ca/get-involved-2/volunteer/, #105,10407AveSWCalgaryABT2P3G9 
Canadian Health, Immunization and Learning Development Foundation, 403-978-5586, ed@childfoundation.ca, childfoundation.ca, 66AspenRidgeWaySWCalgaryABT3H5M2 
Canadian Cancer Society, 403-205-3966, volunteer@cancer.ab.ca, www.cancer.ca, 200325ManningRoadNECalgaryABT2E2P5 
Centre for Affordable Water and Sanitation Technology (CAWST), 403-243-3285, volunteers@cawst.org, www.cawst.org, Upper424AviationRoadNECalgaryABT2E8H6 
Awo Taan Healing Lodge Society, 403-531-1970, awotaan@awotaan.org, www.awotaan.org, 451817AveSECalgaryABT2A0T8 
Association for the Rehabilitation of the Brain Injured (ARBI), 403-217-4591, ericab@arbi.ca, www.arbi.ca, 3412SpruceDriveSWCalgaryABT3C3A4 
A.O. Shirley Memorial Foundation, 403-922-3647, inkubatoryyc@gmail.com, https://www.dowhatulove.org/#/volunteer/, 3RiverwoodCloseSEnearWinnersEntranceCalgaryABT2C3Z4 
Big Winter Classic, 403-608-0842, big@bigwinterclassic.com, www.bigwinterclassic.com, 61111AveSWCalgaryABT2R1L8 
Arusha Centre Society, The, 403-270-3200, gerald@arusha.org, www.arusha.org, 223-12AveSWCalgaryABT2R0G9 
Association Canadienne Française de l'Alberta (ACFA), régional of Calgary, 403-532-8576, assistant-coord.calgary@acfa.ab.ca, acfa.ab.ca, 8407AveSW,unit1601N/ACalgaryABT2P3G2 
A Synergy A Prosperity Association, 403-890-4839, TaxClinicASAP@gmail.com, , #101,128-2AveSECalgaryABT2G5J5 
Art à la Carte, 403-281-6131, admin@artalacarte.org, https://www.artalacarte.org/, FoothillsMedicalCentreSouthHealthCampusCalgaryABT3M1M4 
Birth Unlimited Society, 403-237-8839, admin@birthunlimited.ca, http://birthingmagazine.net, 1616-20AStreetN.W.CalgaryABT2N2L5 
Between Friends, 403-930-3852, afranz@betweenfriends.ab.ca, https://betweenfriends.ab.ca/, 205,8989MacleodTrailSThisisourmainoffice.Typicallyourvolunteeropportunitiesoccurinthecommunity(North,Central,andSouth).CalgaryABT2H0M2 
Auburn Bay Community Association, 403-390-2554, abca.events@gmail.com, www.auburnbayca.info, AuburnBay-parksCalgaryABT3M0A4 
AWSN, 855-674-2976, info@awsn.org, www.awsn.org, 3553-31StreetNW,Calgary,ABCalgaryABT2L2K7 
Bow Cliff Seniors, 403-246-0390, dioifelis@bowcliffseniors.org, www.bowcliffseniors.org, 3375SpruceDriveSWCalgaryABT3C3A3 
Autism Calgary Association, 403-250-5033, meghan@autismcalgary.com, https://autismcalgary.com/, AutismCalgaryAssociation363926StreetNECalgaryABT1Y5E1 
Bethany Care Society/Harvest Hills, 403-226-8200, shauna.ciezki@bethanyseniors.com, www.bethanyseniors.com, 19HarvestGoldManorNECalgaryABT3K4Y1 
Beakerhead, 403-680-6741, danielle@beakerhead.com, www.beakerhead.com, 14054StreetSWCalgaryABT2R0Y2 
Bethany Care Society- Riverview , 587-392-3970, lasina.jacobsen@bethanyseniors.com, bethanyseniors.com, #200291526AvenueSECalgaryABT2B2W6 
Autism Aspergers Friendship Society of Calgary, 403-875-0524, dean@aafscalgary.com, www.aafscalgary.com, 7220-DFairmountDriveSECalagryABT2H0X7 
Antyx Community Arts Society (formerly All Nations Theatre Society), 403-444-0500, stephanie@antyx.org, www.antyx.org, #205420217AveSECalgaryABT2A0T2 
Aspen Family & Community Network Society, 403-219-3477, careers@aspenfamily.org, www.aspenfamily.org, Suite200,2609-15thStNECalgaryABT2E8Y4 
Bethany Care Society/Calgary , 403-284-6047, suzanne.eckstadt@bethanyseniors.com, www.bethanyseniors.com, 91618AStreetNWCalgaryABT2N1C6 
Bow Crest Care Centre - Revera, 403-288-2373, brenda.baumgartner@reveraliving.com, Reveraliving.com, Bow-CrestCareCentre5927BownessRoadNWCalgaryABT3B0C7 
Big Brothers Big Sisters of Calgary and Area, 403-777-3534, intake.calgary@bigbrothersbigsisters.ca, http://bbbscalgary.ca/, 5945CentreStreetSWCalgaryABT2H0C2 
Ann & Sandy Cross Conservation Area (ASCCA), 403-931-1042, aaldridge@crossconservation.org, crossconservation.org, 20-194001160StreetWestFoothillsABT1S4K9 
Calgary Chinese Elderly Citizens' Association, 403-269-6122, celia.li@cceca.ca, , 111RiverfrontAveSWCalgaryABT2P4Y8 
Calgary Dental Assistants Association, 403-816-3265, maeghanheck@gmail.com, www.calgaryrda.ca, InglewoodCommunityHall174024AveSECalgaryABT2G1P9 
Calgary Blizzard Soccer Club, 403-680-1131, pennyantoniuk@shaw.ca, https://calgaryblizzard.com/, 5149CountryHillsBlvdNW#252CalgaryABT3A5K8 
Calgary Communities Against Sexual Abuse, 403-237-6905, info@calgarycasa.com, http://www.calgarycasa.com/, Suite700,9107thAveSWCalgaryABT2P3N8 
Calgary Blues Music Association, 403-668-7144, volunteer@calgarybluesfest.com, http://www.calgarybluesfest.com, ShawMillenniumPark(12209AveSW)CalgaryABT2G1P2 
Calgary Counselling Centre, 403-691-5991, intake.coordinator@calgarycounselling.com, www.calgarycounselling.com, 1000,10512AvenueSECalgaryABT2G1A1 
Calgary Corporate Challenge, 403-612-1522, info@calgarycorporatechallenge.com, www.calgarycorporatechallenge.com, 10512AvenueSoutheastCalgaryABT2G1A1 
Calgary Chamber of Voluntary Organizations (CCVO), 403-261-6655, schennells@calgarycvo.org, www.calgarycvo.org, 1175,105–12AvenueSECalgaryABT2G1A1 
Calgary Chinese Community Service Association, 403-265-8446, dtam@cccsa.ca, www.cccsa.ca, 1406CentreStreetN.E.CalgaryABT2E2R9 
Calgary Co-Parenting Centre, 403-238-6063, bcellars@coparenting.ca, www.coparenting.ca, Suite202,4603VarsityDriveNWCalgaryABT3A2V7 
Calgary Bridge Foundation for Youth, 403-230-7745, DKoirala@cbfy.ca, http://www.cbfy.ca/, CBFYProgramsarerunthroughCalgary.PleaselookatthespecificpositionforthespecificlocationCalgaryABT2H0K2 
Calgary Association of Freelance Editors (CAFE), 403-000-0000, calgaryeditors@gmail.com, http://calgaryeditors.com/, TBACalgaryABT2N4S6 
Calgary Centre for Global Community, 403-457-5534, hello@humainologie.com, www.calgarycgc.org; www.humainologie.com, 205,223-12AveNWCalgaryABT2R0G9 
Calgary Arts Development Authority Ltd., 403-264-5330, kaley.beisiegel@calgaryartsdevelopment.com, , 2378AveSE501CalgaryABT2G5C3 
Calgary Drop-In and Rehab Centre Society, 403-699-8279, community@thedi.ca, https://www.calgarydropin.ca/, 1DermotBaldwinWaySECalgaryABT2G0P8 
Calgary Elevate Canadian Progress Club, 403-616-6958, colleenddm@gmail.com, www.elevatecpc.ca, 81517AvenueSWCalgaryABT2T5H7 
Calgary Doula Association, 403-585-8553, diannethedoula@gmail.com, https://www.calgarydoulas.ca/, 182013AveNWCalgaryABT2N1L3 
Calgary Fetal Alcohol Network, 403-249-7215, info@mycfan.ca, https://www.mycfan.ca/, 141-200RivercrestDriveSECalgaryABT2C2X5 
Calgary Exhibition and Stampede Limited, 403-261-9171, volunteerservices@calgarystampede.com, www.calgarystampede.com, 1410OlympicWaySECalgaryABT2G2W1 
Calgary Co-operative Memorial Society, 403-248-2044, admin@calgarymemorial.com, www.calgarymemorial.com, 6Suite204A,223–12thAvenueS.W.CalgaryABT2R0G9 
The Calgary Chinese Elderly Citizens' Association, 403-269-6122, patrick.ng@cceca.ca, www.cceca.ca, 111RiverfrontAvenue,SWCalgaryABT2P4Y8 
Calgary Catholic Immigration Society, 403-290-5753, volunteer@ccisab.ca, https://www.ccisab.ca, 1111-11AvenueSWCalgaryABT2R0G5 
Calgary Climate Hub Association, 403-542-1663, admin@calgaryclimatehub.ca, https://www.calgaryclimatehub.ca/, 31411ASt.NWCalgaryABT2N1X8 
Calgary Dream Centre, 403-243-5598, jmortis@calgarydreamcentre.com, www.calgarydreamcentre.com, 4510MacleodTrailSWCalgaryABT2G0A4 
Bow Valley High School Cheer, 587-777-3694, bvhscheerleading@gmail.com, , 2000RiverHeightsDriveCochraneABT4C1Y8 
Boys & Girls Club of Cochrane & Area, 403-981-2020, akelly@bgccochrane.ca, www.bgccochrane.ca, 111-5thAveWestCochraneABT4C1B5 
Bowness Community Association, 403-288-8300, volunteer@mybowness.com, http://www.mybowness.com, 790443AveNWCalgaryABT3B4P9 
Buckingjam Music Foundation, 403-836-0001, buckingjampalace@gmail.com, Www.buckingjampalace.com, 21018thStreet,S.W.CalgaryABT2T2Z7 
Buds in Bloom | Bourgeons en Éclat, 000-000-0000, info@BudsinBloom.org, www.BudsinBloom.org, 600-5920MacLeodTrailSouthWestc/oBudsinBloomCalgaryABT2H0K2 
Brown Bagging for Calgary's Kids, 587-222-3885, rebecca@bb4ck.org, bb4ck.org, 433MacleodTrailSECALGARYABT2G5J7 
CADS Calgary, 403-589-1211, volunteer@cadscalgary.ca, www.cadscalgary.ca, WinSportSkiHill-CanadaOlympicPark88CanadaOlympicRdCalgaryABT3B5R5 
Bridges Social Development (Canada Bridges), 587-429-0457, omar@canadabridges.com, www.canadabridges.com, TricoChangemakerStudiosMountRoyalUniversityCalgaryABT3E6K6 
Byrnes House, an Employment and Life Solutions Society., 403-700-1159, sara@thebyrneshouse.com, www.thebyrneshouse.com, LocationtobegivenattimeofopportunityCalgaryABT2A7V9 
Breast Cancer Supportive Care Foundation, 403-270-2158, info@bcscf.com, www.bcscf.com, 414,301-14StreetNWCalgaryABT2N2A1 
Calgary Aging In Place , 403-774-7247, info@calgaryaginginplace.ca, www.calgaryaginginplace.ca, POBox78014,383HeritageDriveSECalgaryABT2H2Y1 
Boys and Girls Clubs of Calgary, 403-998-0474, mbankey@bgcc.ab.ca, https://www.boysandgirlsclubsofcalgary.ca, BoysandGirlsClubsofCalgary73113AveNECalgaryABT2E1C8 
BowWest Community Resource Centre, 403-874-6809, germaine@bowwest.org, www.bowwest.org, 141840RanchlandsWayNW790443rdAvenueNWCalgaryABT3G1R4 
Bow Habitat Station Volunteer Society, 403-297-6561, bhs.volunteer@gov.ab.ca, http://bowhabitat.alberta.ca/visit/volunteer.aspx, BowHabitatStation144017AStreetSECalgaryABT2G4T9 
Brenda Strafford Foundation, 403-444-7218, bvm.volunteer@straffordfoundation.org, www.straffordfoundation.org, 4628MontgomeryBlvdCalgaryABT3B0K7 
Bridgeland/Riverside Community Association (Calgary Tool Library), 403-453-2167, toollibrary@brcacalgary.org, https://calgarytoollibrary.org/, 917CentreAveNECalgaryABT2A0C6 
Calgary and Area Child Advocacy Centre, 403-428-5377, cjennings@calgarycac.ca, https://calgarycac.ca, 400,3820–24AvenueNWCalgaryABT3B2X9 
Buffalo Rubbing Stone Parent Association, 403-831-9652, brsvolunteer@outlook.com, , 1308PanatellaBlvd.NWCalgaryABT3K0X2 
Calgary Alpha House Society, 403-831-7829, david@alphahousecalgary.com, www.alphahousecalgary.com, 203-15AveSECalgaryABT2G1G4 
Brenda Strafford Society for the Prevention of Domestic Violence, 403-270-7240, s.hawthorne@brendastraffordsociety.org, https://brendastraffordsociety.com/volunteer-opportunities/, Box61141CalgaryABT2N4S6 
Boys and Girls Club of Cochrane, 403-981-2020, nhume@BGCCOCHRANE.ca, https://www.bgccochrane.ca/home, P.OBox1554,1115thAveWestCochraneABT4C1B5 
Calgary (Alberta) Neuropathy Association, 403-668-9777, info@calgaryneuropathy.com, CalgaryNeuropathy.com, 451NorthmountDr.NWCalgaryABT2K3H8 
Bow View Manor (Div. of Brenda Strafford Foundation), 403-444-7218, bvm.VOLUNTEER@thebsf.ca, www.thebsf.ca, 4628MontgomeryBlvdNWCALGARYABT3B0K7 
Calgary Apraxia Parent Exchange, 403-288-7645, natasha@calgaryapraxia.ca, www.CalgaryApraxia.ca, CalgaryCalgaryABT3A2B2 
Calgary Mental Health Peer Support, 403-801-4253, calgarymentalhealth.camp@gmail.com, , 11NACalgaryABT1Y2R1 
Calgary Military Family Resource Centre, 403-410-2320, cassandra.reeves@calgarymfrc.ca, www.cafconnection.ca/Calgary, 4225CrowchildTrailSWCalgaryABT2T0E9 
Calgary Inter-Faith Food Bank Society, 403-319-0830, airwin@calgaryfoodbank.com, , 500011StreetSECalgaryABT2H2Y5 
Calgary International Film Festival, 403-283-1490, volunteer@calgaryfilm.com, www.calgaryfilm.com, 9998STREETSW,SUITE260CalgaryABT2R1J5 
Calgary Meals on Wheels, 403-243-2836, volunteer@mealsonwheels.com, https://mealsonwheels.com/, 575980AveSECalgaryABT2C4S6 
Calgary International Children's Festival, 403-294-7414, volunteer@calgarykidsfest.ca, http://calgarykidsfest.ca/public/, 2058thaveSECalgaryABT3J0C9 
Calgary Police Foundation, 403-428-8020, mcohen@calgarypolice.ca, http://calgarypolicefoundation.ca/, 511147StNECalgaryABT3J3R2 
Calgary Folk Arts Council, 403-262-8499, info@calgaryfolkartscouncil.ca, folkartsyyc.org, 306,8144thAveSWCalgaryABT2P3G8 
Calgary Nordic Alliance Association, 403-803-1110, volunteer@nordicalliance.ca, www.nordicalliance.ca, ConfederationParkGolfCourse,3204CollingwoodDr(NW)ShaganappiPointGolfCourse,120026St(SW)CalgaryABT2L0R6 
Calgary Marathon, 403-978-8535, volunteer@calgarymarathon.com, calgarymarathon.com, CalgaryStampedeGroundsandareaCalgaryABT2P2H9 
Calgary Outlink Centre for Gender and Sexual Diversity, 403-234-8973, info@calgaryoutlink.ca, http://www.calgaryoutlink.ca, 103,22312AvenueS.W.CalgaryABT2R0G9 
Calgary Girls Choir, 403-686-7444, office@calgarygirlschoir.com, www.calgarygirlschoir.com, 203526AStreetSWCalgaryABT3E2B9 
Calgary Fringe Festival, 403-451-9726, volunteer@calgaryfringe.ca, www.calgaryfringe.ca, 3RiverwoodCloseSECalgaryABT2C3Z4 
Calgary Performing Arts Festival, 403-283-6009, corrieann@cpafestival.ca, www.cpafestival.ca, 201-70035thStreetSECalgaryABT2H2G2 
Calgary Immigrant Women's Association, 403-517-8830, volunteer@ciwa-online.com, https://www.ciwa-online.com/, 138-4AveSEInthecommunityCalgaryABT2G4Z6 
Calgary Outdoor Swimming Pools Association, 403-207-5665, jjensen@calgaryoutdoorpools.ca, https://calgaryoutdoorpools.ca/, 426,918-16thAvenueN.W.CalgaryABT2M0K3 
Calgary Horticultural Society, 403-287-3469, volunteer@calhort.org, calhort.org, 20850AvenueSWCalgary,AlbertaT2S2S1CalgaryABT2S2S1 
Calgary Opera, 403-802-3415, volunteer@calgaryopera.com, http://volunteers.calgaryopera.com/, 13157StSWCalgaryABT2R1A5 
Calgary Local Immigrant Partnership (CLIP), 403-268-6443, CLIP@Calgary.ca, www.calgary.ca/clip, 31510AvenueSECalgaryABT2P2M5 
Calgary Keys to Recovery Society, 403-244-5397, karen@keystorecovery.ca, www.keystorecovery.ca, 201,327-41AveNECalgaryABT2E2N4 
Calgary Prairie Rose, Canadian Progress Club, 403-123-1234, info@prairieroseprogressclub.ca, www.prairieroseprogressclub.ca, CentralCalgaryCalgaryABT3C1C9 
Calgary John Howard Society, 403-266-4566, volunteers@cjhs.ca, www.cjhs.ca, 917-9Ave.S.E.CalgaryABT2G0S5 
Calgary Quidditch Club, 403-830-6341, info@calgaryquidditch.ca, www.calgaryquidditch.ca, CalgaryCalgaryABT2R1B5 
Calgary Public Library, 403-260-2629, volunteers@calgarylibrary.ca, , CentralLibrary8003rdStreetSECalgaryABT2G2M2 
Calgary Rock and Lapidary Club, 403-228-1165, gibbinss@shaw.ca, https://crlc.ca, #13,365019StreetNECalgaryABT2E6V2 
Calgary Volunteer Fair Society, 403-819-1553, hello@volunteerfair.ca, volunteerfair.ca, POBox94039ElbowRiverPostalOutletCalgaryABT2S0S4 
Calgary Zoo, 403-232-9300, volunteer@calgaryzoo.com, www.calgaryzoo.com, 1300ZooRoadNECalgaryABT2E7V6 
Calgary Women's Emergency Shelter, 403-290-1552, volunteer@cwes.ca, https://www.calgarywomensshelter.com/, 500,1509CentreStreetSWCalgaryABT2G2E6 
Calgary Society of Independent Filmmakers, 403-205-4747, programming@csif.org, www.csif.org, 100172510AveSWCalgaryABT3C0K1 
Calgary Society of Community Opportunities, 403-253-3454, csco1@telusplanet.net, www.cscocalgary.com, 261618St.NEUnit102CALGARYABT2E7R1 
Calgary River Valleys (Calgary River Forum Society), 403-268-4632, calgaryrivervalleys2@outlook.com, www.calgaryrivervalleys.org, POBox2100,StnM,Mailcode64CalgaryABT2P2M5 
Calgary Rural Primary Care Network , 403-700-6582, communications@crpcn.ca, www.crpcn.ca, McRaeStreetOkotoksABT1S1B4 
Calgary West Central Primary Care Network, 403-984-6527, PAC@cwcpcn.com, cwcpcn.com/PAC, 5966CentreStreetSECalgaryABT2H0C1 
Calgary Seniors' Resource Society, 403-266-6200, recruiting@calgaryseniors.org, http://www.calgaryseniors.org/, 363926thStNECalgaryABT1Y5E1 
Calgary Reads ( An Early Literacy Initiative ) Society, 403-777-8254, dawnc@calgaryreads.com, calgaryreads.com, VariouslocationsCalgaryABT2G1A1 
Calgary Regional Immigrant Employment Council (CRIEC), 587-894-7582, mentor@criec.ca, https://www.criec.ca/, 880-10512thAvenueSECalgaryABT2G1A1 
Canadian Association for Disabled Skiing - Calgary, 403-286-8050, info@cadscalgary.ca, http://www.cadscalgary.ca/, 88CanadaOlympicRdSWCalgaryABT3B5R5 
Calgary Wildlife Rehabilitation Society, 403-266-2282, admin@calgarywildlife.org, http://www.calgarywildlife.org, 11555-85thStreetN.W.CalgaryABT3R1J3 
Canada Winter Games , 403-872-0659, lnaldrett@2019canadagames.ca, , CalgaryAirportCalgaryABT2E6Z8 
Calgary Safety Council, 403-287-2990, safetyc@calgarysafetycouncil.com, https://www.calgarysafetycouncil.com/, POBox37061RPOMaylandHeightsNECalgaryABT2E8V1 
Calgary Region Airshed Zone Society, 403-968-5522, tanya.carlson@craz.ca, www.craz.ca, A13,61202ndStSECalgaryABT2H2L8 
Canada's Sports Hall of Fame, 403-776-1063, skelly@cshof.ca, http://www.sportshall.ca/, 169CanadaOlympicRdSWCalgaryABT3B6B7 
Calgary Talking Toastmasters, 587-885-1119, princeton_lau@hotmail.com, http://calgarytalking.toastmastersclubs.org/, 550-6thAveS.W.CalgaryABT2P0S2 
Calgary Ski Club, 403-282-4122, office@calgaryskiclub.org, www.calgaryskiclub.org, 227ArbourRidgeWayNWCalgaryABT3G3Z3 
Canadian Association for Participatory Development (CAPD), 403-202-0673, wiens.me@gmail.com, www.capdcalgary.org, 44ScanlonPlaceNWCalgaryABT3L1V8 
Canadian Animal Task Force, 403-830-9644, volunteers@cataskforce.org, abtaskforce.org, BayF,3851-21StreetN.E.CalgaryABT2E6T5 
Calgary Youth Justice Society, 403-808-6325, tclem@cyjs.ca, https://calgaryyouthjustice.ca/, Suite900,6207AveSWcalgaryABT2P0Y8 
Calgary World Health Organization Simulation, 403-671-6634, info@calwho.org, , 3330HospitalDriveNWCalgaryABT2N4N1 
Chestermere Regional Food Bank Foundation, 403-273-0777, m.oel@outlook.com, www.chestermerefoodbank.ca, #105,100RainbowRoadChestermereABT1X0V2 
Children's Wish Foundation of Canada - Alberta Chapter, 403-265-9039, denise.legeyt@childrenswish.ca, www.childrenswish.ca, 270,2323-32AvenueN.E.CalgaryABT2E6Z3 
Children's Link Society, The, 403-230-9158, tannis.sigfusson@childrenslink.ca, www.childrenslink.ca, #211-8855MacLeodTrailSWCalgaryABT2H0M2 
Clifton Manor (Div. Brenda Strafford Foundation), 587-952-6036, CM.volunteer@thebsf.ca, www.thebsf.ca, 4726-8aveSECalgaryABT2A0A8 
CJSW - University of Calgary Student Radio Society, 403-220-6563, volunteer@cjsw.com, cjsw.com, Rm312MacEwanHall,2500UniversityDrNWCalgaryABT2N1N4 
Cochrane Activettes, 403-932-9290, info@cochraneactivettes.com, https://www.cochraneactivettes.com, 30GriffinIndustrialPointCochraneABT4C0A2 
Chic Geek, 403-971-8413, jane.whitton@thechicgeek.ca, www.thechicgeek.ca, WorkNicer6308AveSW#600CalgaryABT2P1G6 
City of Calgary - Community Services, 403-268-2489, parksvolunteer@calgary.ca, www.calgary.ca, POBox2100StnMCalgaryABT2P2M5 
ChatterBox Theatre Society, 587-356-1573, contact@chatterboxtheatresociety.com, https://www.chatterboxtheatresociety.com/, 165MTLorettePlaceSECalgaryABT2Z2M1 
CommunityWise Resource Centre (Formerly the Old Y Centre), 403-261-9660, erin@communitywise.net, www.communitywise.net, 22312AvenueSWCalgaryABT2R0G9 
Cochrane and Area Events Society, 403-805-4482, caes.volunteer@gmail.com, http://www.cochraneevents.ca/, 209SecondAvenueWCochraneABT4C2K8 
Children's Cottage Society, 403-233-2680, pbannerman@childrenscottage.ab.ca, www.childrenscottage.ab.ca, 845McDougallRoadN.E.192128THStreetS.W.CalgaryABT2E5A5 
Closer to Home Community Services, 403-543-0550, volunteer@closertohome.com, www.closertohome.com, 3507A17AvenueSWCalgaryABT3E0B6 
Children's International Summer Villages (CISV), 403-512-4041, volunteers@cisvcalgary.org, www.cisvcalgary.com, 223-12thAveS.W.CalgaryABT2R0G9 
City of Calgary, 403-268-2489, jeff.louis@calgary.ca, www.calgary.ca/volunteer, P.O.Box2100,Stn.MCalgaryABT2P2M5 
Cochrane Society for Housing Options, 403-851-2261, cburns@csho.ca, www.csho.ca, 2092AveWestCochraneABABT4C2K8 
Commissionaires of Southern Alberta, 403-815-0317, colleen@poundglobal.com, https://commissionaires-sa.ca, 110753AVENECalgaryABT2E6X9 
Columbia Learning Society, 403-235-9300, jocelyney@columbia.ab.ca, , 802ManningRoadNECalgaryABT2E7N8 
Cochrane & Area Humane Society, 403-932-2072, shelter@cochranehumane.ca, www.cochranehumane.ca, 62GriffinIndustrialPointCochraneABT4C0A3 
Colour Factor, 587-284-8051, welcome@thecolourfactor.com, https://www.eventbrite.ca/e/the-colour-factor-presents-heart-work-tickets-90550895165?utm-medium=discovery&utm-campaign=social&utm-content=attendeeshare&aff=escb&utm-source=cp&utm-term=listing, 508-91710thAveSWCalgaryABT2R0T2 
Children's Birthday Miracles, 403-827-2871, sairosekassam@hotmail.com, www.childrensbirthdaymiracles.com, 192128thStSWCalgaryABT3E2H1 
Community Mediation Calgary Society, 403-269-2707, membership@communitymediation.ca, www.communitymediation.ca, AcrosstheCityCalgaryABT2E6X3 
Community Connections During COVID-19, 123-456-7890, connecting@covid19.org, , 123410aveCalgaryABT2T1G9 
Community LAMDA, 403-252-7991, shklar@shaw.ca, http://mylamda.com/, 5920MacleodTrailSECalgaryABT2V2P6 
Dancers' Studio West, 403-244-0950, businessmanager@dswlive.ca, www.dswlive.ca, cSPACEKingEdward172129CalgaryABT2T1P5 
CUPS Health Education Housing, 403-970-9776, jessicak@cupscalgary.com, www.cupscalgary.com, 1001-10AveSwCalgaryABT2R0B7 
Contemporary Calgary, 403-770-1350, info@contemporarycalgary.com, https://www.contemporarycalgary.com, 900,10512AvenueSWCalgaryABT2G1A1 
Draft Horse Town , 403-616-3678, kmmorrison@shaw.ca, drafthorsetown.com, CalgaryStampedeCalgaryABT3H4T2 
Cornerstone Youth Centre, 403-452-9620, darlene@cyccalgary.com, https://www.cornerstoneyouthcentre.com/, 90419StreetNECalgaryABT2E4X7 
Cowtown Opera Company Society, 403-479-5989, bethany@cowtownopera.com, www.cowtownoperacompany.com, Misc.venuelocationsTypicallycentralCalgaryABT2G2E6 
Covenant Care, 587-230-5500, theresa.bellows@covenantcare.ca, http://www.covenantcare.ca/, 70/110EvansparkManorNWCalgaryABT3P0N4 
Downstage Performance Society, 403-294-7459, clare@downstage.ca, www.downstage.ca, 2058AvenueSECalgaryABT2G0K9 
Crossing the Divide Experience Ltd, 403-554-3474, ken_schmaltz@yahoo.com, https://www.crossingthedivideexperience.org/, CashCasinoCalgaryABT2G4E6 
Deaf and Hear Alberta, 403-284-6200, info@deafandhearalberta.ca, , 63CornellRoadNWCalgaryABT2L0L4 
Duke of Edinburgh's International Award - AB, NT & NU, 403-237-7476, cbender@theaward.ca, https://www.dukeofed.org/, 111,4515BowTrailSWCalgaryABT3C2G3 
Conseil de développement économique de l'Alberta, 403-802-0880, maud@francopreneurs.ca, https://lecdea.ca/, 940,10512AveSE,Calgary,ABT2G1A1CALGARYABT2G1A1 
Confederation Park 55+ Activity Centre, 403-289-4780, cv@yycseniors.com, yycseniors.com, 221213thSt.NWCalgaryABT2M4P7 
Diabetes Canada, 403-266-0620, volunteeralberta@diabetes.ca, diabetes.ca, 22062232ndStreetCalgaryABT2H1J5 
Downtown West Community Association, 403-680-3145, president@dwca.ca, dwca.ca, VertualCalgaryABT2P5N3 
Create Kids Arts Society, 403-404-1335, volunteer@createkids.ca, createkids.ca, 20232aveNWCalgaryABT2N0G6 
Decidedly Jazz Danceworks, 403-228-8183, scarson@decidedlyjazz.com, https://www.decidedlyjazz.com, 11112AveSECalgaryABT2G0Z9 
DDRC - Developmental Disabilities Resource Centre of Calgary, 403-240-3111, volunteer@ddrc.ca, www.ddrc.ca, 4631RichardsonWaySWCalgaryABT3E7B7 
Disabled Sailing Association of Alberta, 403-238-0689, dsaalberta@gmail.com, www.dsaalberta.org, 841524thStreetS.W.SouthGlenmoreparkCalgary,ABABT2W1B4 
Distress Centre, 403-266-1634, volunteer@distresscentre.com, www.distresscentre.com, 10108thaveS.w.CalgaryABT2P1J2 
Duhaa Foundation, 587-917-6392, duhaafoundation@gmail.com, https://sites.google.com/view/duhaafoundation/home?fbclid=IwAR1xDneu6KsjlAPNfWAU2AUkYS5g3QKsNW6wX_ZWa-uXNtp3222Mx0011zo, N/ACalgaryABT3A6B4 
Cystic Fibrosis Canada - Calgary and Southern Alberta Chapter, 403-266-5295, kjakeman@cysticfibrosis.ca, http://cfcalgary.ca/ShiftRegistration.aspx, 1130F44AveSECalgaryABT2G4W6 
Dubasov Dance and Wellness, 403-452-7600, dubasov.pdc@gmail.com, dubdw.com, 632512St.SECalgaryABT2H2K1 
Dress For Success, 403-225-8555, dfscrecruiting@gmail.com, https://calgary.dressforsuccess.org/, 100814StSECalgaryABT2G3K3 
Eastside Victory Outreach Church, 403-273-1050, mkmdkruger@gmail.com, https://www.victoryoutreach.ca/, 184038St.SECalgaryABT2B0Z3 
Extendicare, 403-249-8915, bmcgregor@extendicare.com, , ExtendicareCedarsVilla-3330-8AvenueSW,Calgary,AlbertaT3C0E7ExtendicareHillcrest-1512-8AvenueNW,Calgary,AlbertaT2N1C1CalgaryABT3C0E7 
The Educational Partnership Foundation, 403-457-5822, Cleo.Howe@tepf.ca, https://tepf.ca/, 60211AveSWSuite412CalgaryABT2R1J8 
Edge School Foundation, 403-710-4212, dsilver@edgeschool.com, edgeschool.com, 33055TownshipRd250CalgaryABT3Z1L4 
FAMILIES OF ALBERTA FOR CONDUCTIVE EDUCATION (FACE), 587-830-3223, admin@conductive-education.ca, www.facealberta.ca, #1612512thStreetSECALGARYABT2H2K1 
Elbow River Watershed Partnership, 403-268-4520, coordinator@erwp.org, www.erwp.org, SpringGardens,BuildingDCalgaryABT2P2M5 
Festival Chorus, 587-434-9300, president@thefestivalchorus.com, www.thefestivalchorus.com, ArtsCommons2058AveSECalgaryABT2G0K9 
Fairview Community Association, 403-252-5424, office@fairviewcommunity.ca, https://fairviewcommunity.ca, Box78053RPOHeritageCalgaryABT2H2Y1 
EducationMatters, 403-817-7468, info@educationmatters.ca, https://www.educationmatters.ca, 12218StSWCalgaryABT2R0L4 
Epilepsy Association of Calgary, 403-230-2764, kathyf@epilepsycalgary.com, www.epilepsycalgary.com, 3164014MacleodTrailS.E.CalgaryABT2G2R7 
Empowering Minds , 403-718-1264, volunteers@empoweringminds.org, empoweringminds.org, 60PanatellaRiseNWCalgaryABT3K0H2 
Eugene Costs Enrichment Society, 403-463-1988, ECSEnrichmentSociety@gmail.com, http://school.cbe.ab.ca/school/eugenecoste/Pages/default.aspx, 10HillgroveCresecentSWCalgaryABT2V3K7 
Fig Tree Foundation, 000-000-0000, hr1@figtreefoundation.com, www.figtreefoundation.com, Suite400,11914thStreetNWCalgaryABT2N1Z6 
Esker Foundation, 403-930-2492, mkerluke@eskerfoundation.com, www.eskerfoundation.com, 444,1011-9thAveSECalgaryABT2G0H7 
Elder Statesmen Group, 403-265-4492, ESGManager@outlook.com, www.ElderStatesmenGroup.com, 7171AveSWCalgaryABT2P3B5 
Famous 5 Foundation, 403-253-1927, volunteer@famous5.ca, http://www.famou5.ca/, BOX72137,RPOGlenmoreLandingCalgaryABT2V5H9 
EMS Foundation, 587-432-2050, emsftreasurer@gmail.com, www.emsfoundation.ca, 370535StNECalgaryABT1Y6C2 
Elbow Park Resident's Association, 403-680-2392, margo@coppus.ca, elbow park.com, 80034AveSWCalgaryABT2T2A3 
Elements Calgary Mental Health Centre, 403-266-8711, info@elementscmhc.ca, www.elementscmhc.ca, ElementsCalgaryMentalHealthCentre10357AvenueSWCalgaryABT2P3E9 
Elizabeth Fry Society of Calgary, The, 587-391-0141, courtvolunteer@elizabethfrycalgary.ca, http://elizabethfrycalgary.ca/get-involved/, 1731–10AvenueSWCalgaryABT3C0K1 
Families Matter Society, 403-205-5178, Reception@familiesmatter.ca, http://familiesmatter.ca/, #158,1440-52StreetNECalgaryABT2A4T8 
Energy For All, 403-630-1395, roselyn@energyforall.ca, www.energyforall.ca, #600,5405thAvenueSWCalgaryABT2P0M2 
Ferret Rescue & Education Society (FRES), 403-567-3737, volunteers@ferrets.ca, www.ferrets.ca, ContactusfordetailsCalgaryABT2A4T8 
Evict Radon, 403-836-2635, info@evictradon.org, www.evictradon.org, 3230HospitalDrNWCalgaryABT2N4Z6 
Forensic Adolescent Program, 403-297-7756, marylee.block@ahs.ca, , CommunityCalgaryABT1Y5S3 
Floating Lantern Ceremony, 403-869-6276, eamery@hotmail.com, http://ploughsharescalgary.ca/2019-summer-event/, 29198thAvenueNWCalgaryABT2N1C8 
F.O.C.U.S on Seniors, 403-816-8145, info@focusonseniors.ca, www.focusonseniors.ca, 138CoralshoresCapeN.E.CalgaryABT3J3T8 
Fort Calgary Preservation Society, 403-290-1875, engage@fortcalgary.com, www.fortcalgary.com, 7509AveSECalgaryABT2G5E1 
Foothills Wanderers Orienteering Club, 403-284-3598, secretary@orienteeringcalgary.ca, orienteeringcalgary.ca/, ThereisnophysicaladdressCalgaryABT2M3X9 
First Lutheran Church, 403-242-4544, Kevin@MakingFaithMatter.ca, www.makingfaithmatter.ca, 7102–14AveSWCalgaryABT3H4G7 
Foundation of St. Teresa of Calcutta, 403-921-5916, brittneyrusso3@gmail.com, https://m.signupgenius.com/#!/showSignUp/805084eabaa28a0fa7-stteresa, 121MidlakeBlvdseCalgaryABT2X0A7 
Foothills Bluegrass Music Society, 403-852-3952, sueholt93@gmail.com, https://foothillsbluegrass.com/, CalgaryIrishCulturalCentre645235AveNWCalgaryABT3B1S4 
Ghost River Theatre Society, 403-242-7118, gm@ghostrivertheatre.com, ghostrivertheatre.com, 200710AveSWCalgaryABT3C0K4 
Foothills Creative Beginnings, 403-999-1209, marla.ferg@foothillscreative.org, creativebeginnings.ca, 1530NorthmountDrNWCalgaryABT2L0G6 
Folk Festival Society of Calgary, 403-233-0904, emily@calgaryfolkfest.com, https://www.calgaryfolkfest.com/get-involved/volunteer, Prince'sIslandPark698EauClaireAveSWCalgaryABT2P5N4 
Freedom Tree, 403-667-0831, tara@freedomtree.ca, http://freedomtree.ca, Suite208,10119thAveSECalgaryABT2G0H7 
Four Feet Companion Foundation, 403-370-5753, volunteer@fourfeet.org, www.fourfeet.org, 17aveswCalgaryABT2T0X7 
FUNNYFEST Calgary Comedy Festival Society, 403-228-7888, volunteers@funnyfest.com, https://FunnyFest.com, 11differentvenuesinCalgaryCalgaryABT2P1B7 
Forte Musical Theatre Guild, 587-393-6121, info@fortemusical.ca, https://www.fortemusical.ca/, cSPACEKingEdward172129thAveSWSuite480CalgaryABT2T6T7 
FIRST Robotics Society, 403-560-2596, volunteers@frcwest.com, www.frcwest.com, GenesisCentre7555FalconridgeBlvdNE#10CalgaryABT3J0C9 
Foothills Community Immigrant Services, 403-938-4699, mnadeau@ccisab.ca, https://www.ccisab.ca/services/rural-alberta-services/okotoks.html, Office4-Bay2,87ElizabethStreetOkotoksABT1S1B3 
Four: Thirteen Therapeutic Riding Association, 403-805-4633, volunteer.fourthirteentherapy@gmail.com, https://www.413therapeuticriding.com/, HighCountryEquestrianCenter240020RangeRoad42CalgaryABT3Z2X3 
Food for Peace Society of Calgary, 403-717-8278, foodforpeace-calgary@hotmail.com, , https://www.meetup.com/Food-For-Calgary/CalgaryABT2A7Y8 
Foothills Community Wellness Association, 587-224-3482, foothillsommunitywellness@gmail.com, www.foothillscommunitywellness.ca, 4448FrontStreetSECalgaryABT3M1M4 
Fresh Routes Inc., 403-619-6373, lourdesjuan@me.com, https://freshroutes.ca, #300,15505StreetSWCalgaryABT2R1K3 
Foundation for Advancement of Education in Myanmar, 403-474-9455, fae.myanmar@gmail.com, , 92TaraglenRoadCalgaryABT3J2M3 
Free Your Mind Mental Health Society, 403-617-2587, fym.initiative@gmail.com, https://freeyourmindinitiative.com/, 1408MardaleDrNECalgaryABT2A3M4 
Friends of Fish Creek Provincial Park Society, 403-238-3841, info@friendsoffishcreek.org, https://friendsoffishcreek.org/, 15975BowBottomTrailSECalgaryABT2P2M7 
Gold Mind Project, 403-589-3593, anca.m.dan@gmail.com, http://goldmindproject.com, Suite2000,1259thAvenueSE.CalgaryABT2G0P6 
Girls Hockey Calgary Association, 403-278-9223, admin@girlshockeycalgary.com, www.girlshockeycalgary.com, 299ErinWoodsDriveS.E.CalgaryABT2B2V9 
Hangar Flight Museum (formerly Aero Space Museum Association of Calgary), 403-250-3752, volunteer@thehangarmuseum.ca, http://www.thehangarmuseum.ca/, 4629McCallWayNECalgaryABT2E8A5 
Green Calgary, 403-230-1443, lex@greencalgary.org, http://www.greencalgary.org/, #100,301-14thSt.NWCalgaryABT2N2A1 
Heart and Stroke Foundation of Alberta & NWT, 403-351-7037, sarah.stephens@heartandstroke.ca, http://www.heartandstroke.ca, 11914thStreetNWCalgaryABT2N1Z6 
Hakili Community for Sustainable Development, 403-690-8061, info@hakiliworld.org, http://www.hakiliworld.org, 22312AveSWCalgaryABT2R0G9 
Hidden Valley Community Association, 403-275-9394, volunteers@albertasciencenetwork.ca, www.hiddenhut.org, 10504HiddenValleyDrCalgaryABT3A4Z2 
Heart & Stroke Foundation, 403-351-7073, alison.planche@heartandstroke.ca, heartandstroke.ca/help, 11914StNWSuite100CalgaryABT2N1Z6 
Heart & Stroke Foundation Calgary Office, 403-351-7071, justin.leeson@heartandstroke.ca, www.heartandstroke.ca, 100-11914thStreetNWCalgaryABT2N1Z6 
Gymtastics Play-it-Forward Projects, 403-275-2660, contact@playitforward.ca, http://www.playitforward.ca, Suite166,7260-12StSECalgaryABT2H2S5 
Helping Families Handle Cancer Foundation, 403-850-5477, carie@helpingfamilieshandlecancer.com, www.helpingfamilieshandlecancer.com, POBox91052,1258888CountryHillsBlvdNWCalgaryABT3G5T0 
Heart and Solar, 403-464-2084, rslaney@heartandsolar.ca, heartandsolar.ca, 105310StreetSWCalgaryABT2R1S6 
Habitat for Humanity Southern Alberta, 403-253-9331, volunteer@habitatsouthernab.ca, www.habitatsouthernab.ca, Opportunitiesinvariouslocationsoffice:210,805ManningRdNECalgaryABT2E7M8 
HELP Bolivia Foundation, 403-607-1879, info@helpbolivia.org, https://helpbolivia.org/, 20MonarchGateAirdrieABT4A1W7 
Grace Presbyterian Church, 403-244-5861, cindys@gracecalgary.org, https://gracechurchcalgary.com/, 100915thAvenueSWCalgaryABT2R0S5 
Helping Hands Society of Cochrane & Area, 587-580-9448, programsmanager@helpinghandscochrane.ca, www.helpinghandscochrane.ca, 2092ndAveWestCochraneABT4C1B1 
Good Companions 50 Plus Club, 403-249-6991, gc50plus@gmail.com, www.gc50plus.org, 260919AVESWCALGARYABT3E0E9 
Hands at Work in Africa (Canada) Society, 408-808-7767, kristal@ca.handsatwork.org, www.handsatwork.org, 42518StreetNWCalgaryABT2N2G6 
Highbanks Society, 403-521-0082, info@highbankssociety.ca, http://highbankssociety.ca/, 317–19thSt.NWCalgaryABT2N2J2 
Glenbow Museum, 403-268-4105, volunteer@glenbow.org, http://www.glenbow.org, 1309AveSECalgaryABT2G0P3 
Grey Dog Foundation, 403-519-5000, grant@greydogfoundation.com, www.greydogfoundation.com, Suite202,58192ndStreetSWCalgaryABT2H0H3 
Heritage Park Historical Village, 403-268-8610, volunteer@heritagepark.ca, http://www.heritagepark.ca/join-our-team.html, 1900HeritageDriveSWCalgaryABT2V2X3 
Hillhurst - Sunnyside Community Association, 403-283-0554, sarah.h@hsca.ca, www.hsca.ca, 13205AvenueNWCalgaryABT2N0S2 
Highland Park Community Association, 403-276-6969, vicepresident@highlandparkcommunity.ca, www.highlandparkcommunity.ca, 3716-2ndStreetNWCalgaryABT2K0Y4 
INSTRUMENTAL SOCIETY OF CALGARY, 844-598-1273, volunteers@instrumentalsociety.ca, www.instrumentalsociety.ca, St.Stephen'sAnglicanChurch1121-14thAvenueSWCalgaryABT2R0P3 
HomeSpace Society, 587-320-1545, volunteer@homespace.org, , Suite1000,5405AveSWCalgaryABT2P0M2 
Horizon Housing Society, 403-305-9913, jayneo@horizonhousing.ab.ca, www.horizonhousing.ab.ca, 1150035StSE#1000CalgaryABT2Z3W4 
Humanity's Promise Int'l, 403-926-5646, john@humanityspromise.com, humanityspromise.com, 20WestCallawayPlaceCochraneABT4C1L7 
HIV Community Link, 403-508-2536, JKroschinsky@hivcl.org, http://www.hivcl.org/volunteer/, 110–160310AveSW,CalgaryABT3C0J7 
Hope in the Dark, 780-278-7509, danielle.canas@hopeinthedark.ca, www.hopeinthedark.ca, 15SkyviewPointlinkNECalgaryABT3N0L7 
Northern Hills Community Association, 403-226-6422, info@nhca.ca, http://www.nhca.ca/, 11950CountryVillageLinkNortheastNorthernHillsCalgaryABT3K6E3 
Inside Out Theatre, 403-797-1119, kirk@insideouttheatre.com, http://www.insideouttheatre.com/, VariousplacesthroughoutCalgaryMostlytheatresCalgaryABT2T1G6 
Hospice Calgary Society, 403-284-5195, marie.wong@hospicecalgary.ca, http://www.hospicecalgary.ca/, 9207AStNWCalgaryABT2M3J3 
The Immigrant Education Society (TIES), 403-235-3666, priscillalee@immigrant-education.ca, https://www.immigrant-education.ca, 1723-40St.SECalgaryABT2A7Y3 
Hope Mission, 403-474-3237, calgary.community@hopemission.com, www.hopemission.com, 4869HubaltaRoadSECalgaryABT2B1T5 
Huntington Society Southern Alberta Chapter, 403-404-4166, hdcalgary@gmail.com, https://southernalbertahd.ca/?fbclid=IwAR1LhWMtpRIVUweaq9EGVkAQu3rdiWOs8_EqCmp4V0Qja4npw_XS0KTW3ik, 36022StreetNWCalgaryABT2K0Y2 
Hull Services, 403-238-7967, mboston@hullservices.ca, www.hullservices.ca, 2266WoodparkAveSWCalgaryABT2W2Z8 
Immigrant Services Calgary, 403-538-8355, tyzena@immigrantservicescalgary.ca, www.immigrantservicescalgary.ca, 1200-9107AveSWCalgaryABT2P3N8 
Humanity in Practice, 403-201-5488, hip@shaw.ca, http://www.behip.ca, FromwhereyouareCalgaryABT2V4P3 
Independent Living Resource Centre of Calgary, 403-263-6880, ed@ilrcc.ab.ca, www.ilrcc.ab.ca, 134,335927StreetNECalgaryABT1Y5E4 
Inn From the Cold Society, 403-473-5582, volunteer@innfromthecold.org, www.innfromthecold.org, 110,11AveSECalgaryABT2G0X5 
In-Definite Arts Society, 403-253-3174, karly.mortimer@ouriac.ca, www.ouriac.ca, 8038FairmountDr.SECalgaryABT2H0Y1 
Independent Living Resource Centre Calgary, 403-263-6880, PEP@ilrcc.ab.ca, https://www.ilrcc.ab.ca/, #134,3359-27StreetNECalgaryABT1Y5E4 
Imagine Cities, 647-297-9276, talent@imaginecities.com, www.imaginecities.com, 4447AveSWCalgaryABT2P0X8 
Intercare Corporate Group-Southwood Care Centre, 403-255-4969, kmerkowsky@intercarecorpgroup.com, www.intercarealberta.com, 505-5920MacleodTrailSWCalgaryABT2H0K0 
Irish Cultural Society of Calgary, 403-288-8641, calgaryics@gmail.com, https://www.calgaryics.org, IrishCulturalSociety645235AveNWCalgaryABT3B1S6 
IntegralOrg, 888-315-0933, learn@integralorg.ca, https://integralorg.ca/, #802,5920MacleodTrailSWCalgaryABT2H0K2 
Jamie's Preschool, 403-831-2164, admin@jamiespreschool.ca, www.jamiespreschool.ca, 3303CapitolHillCrescentNWCalgaryABT2M2R2 
Kindred Cochrane, 587-436-2709, kindredcochrane@gmail.com, https://kindredcochrane.com/, CochraneCochraneABT4C2P2 
Kinsmen Club of Calgary, 403-265-4595, volunteers@kinsmenclubofcalgary.com, Www.kinsmenclubofcalgary.com, POBox46066,RPOInglewoodCalgaryABT2G5H7 
Kamala Foundation for Women and Children, 403-874-3683, zachary@kamalafoundation.org, www.kamalafoundation.org, 62ScenicParkCrescentNWCalgaryABT3L1R6 
Junior Achievement Southern Alberta, 403-237-5252, programs@jasouthalberta.org, http://jasab.ca/, 870,10512AvenueSECalgaryABT2G1A1 
Kids Cancer Care Foundation of Alberta, 403-984-1222, stahn@kidscancercare.ab.ca, www.kidscancercare.ab.ca, 57574thStreetSECalgaryABT2H1K8 
Kerby Centre, 403-234-6570, volunteer@kerbycentre.com, www.kerbycentre.com, 11337thAveSWCalgaryABT2P1B2 
Junior League of Calgary, 403-244-5355, jlc@juniorleaguecalgary.com, www.juniorleaguecalgary.org, 51122ndAve.SWCalgaryABT2S0H5 
Jazz Is Society of Alberta, 403-862-7247, bobacton@obairleadership.com, www.jazzyyc.com, 2ndFloor,12309Ave.S.E.CalgaryABT2G0T1 
Kids Help Phone (Calgary Chapter), 403-476-0386, carolina.bejarano@kidshelpphone.ca, www.kidshelpphone.ca, 225-15505StSWCalgaryABT2R1K3 
KidSport Calgary, 403-202-0251, becca@kidsportcalgary.ca, www.kidsport.ca/calgary, 750,24244thStreetSWCalgaryABT2S2T4 
Killarney Glengarry Community Association, 403-604-8709, pres@killarneyglengarry.com, https://www.killarneyglengarry.com, 282828thstS.W.CalgaryABT3E2J3 
Jewish Family Service Calgary, 403-692-6392, jamier@jfsc.org, http://www.jfsc.org, #4205920-1AStreetSWCalgaryABT2H0G3 
The Kidney Foundation of Canada, 403-255-6108, susan.reghenas@kidney.ca, www.kidneymarch.ca, 60071AStreetSWCalgaryABT2H0G5 
Leftovers Foundation, 000-000-0000, help@rescuefood.ca, https://rescuefood.ca, #300,15505StreetSWCalgaryABT2R1K3 
Knight's Cabin, 403-688-4554, info@knightscabin.com, http://www.knightscabin.com/, #275,10011stStreetSECalgaryABT2G5G3 
L'Arche Association of Calgary, 403-930-2271, bford@larchecalgary.org, http://www.larchecalgary.org, 30757AveSWCalgaryABT2H2T6 
Kids Up Front Calgary, 403-444-4318, carissa@kidsupfront.com, http://www.kidsupfrontcalgary.com/, 110,10512AvenueSECalgaryABT2G1A1 
Father Lacombe Care Society, 403-256-4641, info@fatherlacombe.ca, http://www.fatherlacombe.ca/, FatherLacombeCareCentre270ProvidenceBLVDSEProvidenceCareCentre149ProvidenceBLVDCalgaryABT2X0V6 
Lean In Canada - Calgary Chapter, 403-830-1471, Susan.Elford@leanincanada.com, www.leanincanada.com/calgary, VariableCalgaryABT2V2L8 
JDRF, 403-255-7100, ltan@jdrf.ca, http://www.jdrf.ca/locations/alberta-north-west-territories/southern-alberta/, #300172510AvenueSWCalgaryABT3C0K1 
Janus Academy, 403-472-8098, rmpound@gmail.com, http://janusacademy.org/, JanusAcademy2223SpillerRd.S.ECalgaryABT2G4G9 
K O Arts Centre Society of Calgary, 403-242-2472, info@koac.org, http://www.koartscentre.org/, 244034HorizonViewRoadCalgaryABT3Z3M5 
The Kidney Foundation, Southern AB Branch, 403-255-6108, susan.reghenas@kidney.ca, www.kidneymarch.ca, 60071ASTSWCalgaryABT2H0G5 
Theatre Junction GRAND, 403-205-2922, volunteer@theatrejunction.com, http://www.theatrejunction.com/, 6081stSWCalgaryABT2P1M6 
Lupus Society of Alberta, 888-242-9182, lupuslsa@shaw.ca, http://www.lupus.ab.ca, LupusSocietyofAlbertaSuite802-5920MacleodtrailsouthCalgaryABT2H0K2 
Missing Children Society of Canada, 403-291-0705, bmantle@mcsc.ca, www.mcsc.ca, #219,3501-23stNECalgaryABT2E6V8 
Lunchbox Theatre, 403-265-4292, audience.services@lunchboxtheatre.com, , 1159AveSESuite160CALGARYABT2G0P5 
Marda Loop Justice Film Festival Society, 587-434-1669, admin@justicefilmfestival.ca, http://www.justicefilmfestival.ca, 381814aStSWCalgaryABT2T3Y2 
Lougheed House Conservation Society, 403-244-6333, hrohm@lougheedhouse.com, www.lougheedhouse.com, LougheedHouseNationalandProvincialHistoricSite70713thAvenueSWCalgaryABT2R0K8 
Missing Children Society of Canada, 905-730-5217, rbrown@mcsc.ca, www.mcsc.ca, 1270-73AveSECalgaryABT2H2V5 
Medical Mercy Canada, 403-717-0933, admin@medicalmercycanada.org, www.medicalmercycanada.org, Bay61216-34thAveNECalgaryABT2E6L9 
Millican Ogden Community Association & SE Calgary Community Resource Centre, 403-720-3322, contactus@secalgarycrc.ca, www.millicanogdencommunity.com, 273476AvenueSE690120ASTREETSECalgaryABT2C4W9 
LINKages Society of Alberta, 403-249-0853, miriam.bankey@link-ages.ca, www.link-ages.ca, 72028thStreetNE,Suite130CalgaryABT2A6R3 
Look Good Feel Better, 403-554-1118, mpilon@lgfb.ca, www.lgfb.ca, 100WindermereRdSWCalgaryABT3C3K5 
Made by Momma, 403-969-0401, volunteer@madebymomma.org, www.madebymomma.org, 6621StreetNWCalgaryABT2N4T9 
Mary's Meals Canada, 855-702-0330, Jill.Mowser@marysmeals.org, https://www.marysmeals.ca/en/get-involved/volunteer/, Home-basedand/orinyourlocalcommunityCanada-wideABT2Y2Z0 
Little Library's Food Drop-Off during COVID-19, 123-456-7890, littlelibrariescanbepantries@covid19providingfoodtothoseinneed.org, , 123410avecalgaryABT2T1G9 
Manor Village: Staywell Manor, 403-242-4688, ActivitiesB@sw.themanorvillage.com, , 174YpresGreenSWCalgaryABT2T6M2 
Mennonite Central Committee Alberta, 403-275-6935, officealberta@mccab.ca, , 210,294632stneCalgaryABT1Y6J7 
Mennonite Central Committee Alberta Circles of Support and Accountability (MCCA CoSA), 403-275-6935, cosa@mccab.ca, mccab.ca/cosa, 294632StreetNECalgaryABT1Y6J7 
Mission Thrift Store, 403-995-8099, okotoks_assistant@missionthriftstore.com, missionthriftstore.com, 216StocktonAveOkotoksABT1S1B7 
MEOW Foundation, 403-230-6033, volunteer@meowfoundation.com, www.meowfoundation.com, 35SkylineCresNECalgaryABT2K5X2 
Ethel M Johnson Fundraising Society, 403-701-9268, emjcouncil@gmail.com, , 255SackvilleDriveSWCalgaryABT2W0W7 
Momentum, 403-204-2697, volunteer@momentum.org, http://momentum.org/, 16-2936RadcliffeDrSE,MomentumCalgaryABT2A6M8 
major minor music project, 587-889-0978, gpaulmackenzie@hotmail.com, majorminormusic.org, variousvenuesCALGARYABT2B0P9 
Make A Wish Southern AB, 403-228-3666, april.cote@makeawish.ca, www.makeawishsa.ca, 230824STSWCalgaryCalgaryABT2T5H8 
McMan Youth Family & Community Services, 403-508-7752, darlene.petrie@mcman.ca, www.mcmancalgary.ca, 153825AvenueNECalgaryABT2E8Y3 
Making Changes Association, 403-262-5776, volunteer@makingchangesassociation.ca, www.makingchangesassociation.ca, 65161ASTSWCalgaryABT2H0G6 
Netball Alberta, 403-966-8041, contact@netballalberta.com, netballalberta.com, 2000SouthlandDrSWCalgaryABT2V4S4 
Mount Royal University - Transitional Vocational Program, 403-440-7246, osemm167@mtroyal.ca, , 4825MountRoyalGateSWRoomM-200CalgaryABT3E6K6 
Oladele Foundation, 403-880-6692, secondchance@oladele.ca, www.oladele.ca; www.thesecondchance.ca, 235,354532AveNE10307EamonRoodNWCalgaryABT1Y6M6 
One Voice Chorus, 403-630-3822, generalmanager@onevoicechorus.ca, www.onevoicechorus.ca, 112114AvenueSWCalgaryABT2R0P3 
National Music Centre, 403-476-1659, volunteers@nmc.ca, https://studiobell.ca, StudioBell850-4thStreetSECalgaryABT2G1P2 
New Brighton RA, 403-781-6613, recreation@nbra.ca, www.newbrighton-connect.com , 2NewBrightonDriveS.ECalgaryABT2Z4B2 
Nature Conservancy of Canada, 403-444-3548, alberta@conservationvolunteers.ca, http://www.natureconservancy.ca/en/what-you-can-do/conservation-volunteers/, 890105-12AveSECalgaryABT2G1A1 
MoMo Performance + disability, 403-452-1220, talia@momodancetheatre.org, momomovement.ca, 8038FairmountDriveSECalgaryABT2H0Y1 
Nest Foundation, 403-606-8869, events@canadianbusinesschicks.com, https://thenestfoundation.org/, Calgary,AlbertaCalgaryABT3B3Z2 
New Gallery, 403-233-2399, claire@thenewgallery.org, http://www.thenewgallery.org/, 208CentreStSECalgaryABT2G2B6 
Mood Disorders Society of Canada, 587-356-1816, SCcalgary@mdsc.ca, http://transitionstocommunities.ca/#, Suite14306055thAvenueSWCalgaryABT2P3H5 
MyCityCare Okotoks, 403-606-6812, okotoks@myvictory.ca, https://myvictory.ca/mycitycare/, OkotoksOkotoksABT1S1E5 
NECCS - Genesis Centre, 403-590-2833, mzahed@genesis-centre.ca, https://www.genesis-centre.ca/index.php, 7555FalconridgeBlvd.NECalgaryABT3J0C9 
NorthernStar Mothers Milk Bank (formerly Calgary Mothers' Milk Bank Association), 403-475-6455, contact@northernstarmilkbank.ca, www.northernstarmilkbank.ca, 6712FisherSt.S.E#160CalgaryABT2H2A7 
Okotoks Meals on Wheels, 403-498-7291, lwojcik001@gmail.com, , OkotoksMealsonWheelsSociety101CentreCourt,SandstoneLodgeOkotoksABT1S1V6 
Mustard Seed, 403-999-0193, volunteer@theseed.ca, , 102-11Ave.SE702544StSECalgaryABT2G0X5 
Oneball Charitable Cancer Organization, 403-690-9082, volunteer@oneball.ca, www.oneball.ca, #505,53510AvenueSWCalgaryABT2R0A8 
North East Family Connections, 403-293-0424, sholt@nefcs.ca, nefcs.ca, 95FalshireDriveNorthEast#704263138StreetN.E.and#14147RundlemereRdN.E.CalgaryABT3J1P7 
na, 403-618-8393, nagpal.caiffy@gmail.com, , 116SaddlecrestBlvdNECalgaryABT3J5G6 
Myositis Canada, 403-969-9115, president@myositis.ca, www.myositis.ca, 7724BownessRoadNWCalgaryABT3B0H1 
Never Alone Peer Support, 403-403-4034, neveralone.naps@gmail.com, naps.support, 419NorthmountDrNWCalgaryABT2K3H7 
Okotoks Public Library, 403-938-2220, kfraser@okotokslibrary.ca, okotokslibrary.ca, 7RiversideDriveW.OkotoksABT1S1A6 
Okotoks Arts Council, 403-995-2477, okotoksartscouncil.com@gmail.com, Okotoks Arts Council, Box149,OKOTOKSABT1S2A2 
Norfolk Housing Association, 403-270-3062, admin@norfolkhousing.ca, www.norfolkhousing.ca, 1118KensingtonRdNWCalgaryABT2N3P1 
Ovarian Cancer Canada, 403-277-9444, occcalgary@ovariancanada.org, ovariancanada.org, 1409EdmontonTrailNE,Suite105BCalgaryABT2E3K8 
Open Arms Patient Advocacy Society, 844-548-2747, mmorris@openarmsadvocacy.com, http://www.openarmsadvocacy.com/, CarewestDr.VernonFanning72216AveNECalgaryABT2E6V7 
PARK -Promoting artistsredifining culture, 587-433-3108, volunteer@ourparkonline.com, www.ourparkonline.com, 707FifthStreetSWCalgaryABT2P0Y3 
Prairie Sky Equine Assisted Therapy, 403-813-2076, volunteer.pseat@gmail.com, http://www.pseat.ca, 250079RangeRoad32CalgaryABT3Z1H1 
Pheasants Forever Calgary, 403-995-9960, margo@pfcalgary.ca, www.pfcalgary.ca, DeerfootInnandCasino1150035StSE#1000CalgaryABT2Z3W4 
People for Progress Foundation, 403-605-5563, admin@peopleforprogress.net, peopleforprogressfoundation.com, 303-22890thAveSECalgaryABT2J6P6 
Project Green Villages Africa Institute, 403-473-3679, augustine44pgvai@gmail.com, https://www.pgvai.org, #101,328-10AStreet,NW,CalgaryABT2N1W6 
Prominence Way Retirement Living, 403-727-9400, lifestyle@ProminenceWayRetirement.com, www.prominencewayretirement.com, 905ProminenceWaySWCalgaryABT3H6A8 
Peer Mediation And Skills Training, 403-229-2762, rvlang@aol.com, www.pmast.org, VariouslocationsCalgaryABT2S0H6 
PREP Program, 403-282-5011, curtis@prepprog.org, http://www.prepprog.org/, 200412AveNWCalgaryABT2N1J7 
Open Door Seniors, 403-269-7900, opendoorseniors@gmail.com, , 1307-4StSW(Doorlocatedinthebreezewaybetween1307and1311-4StSW)CalgaryABT2R0X9 
Potential Place Society, 403-216-9253, andrea.taylor@potentialplace.org, www.potentialplace.org, 110-9998StreetSWCalgaryABT2R1J5 
Pregnancy & Infant Loss Support Centre, 403-473-6767, info@pregnancyinfantlosssupportcentre.com, www.pregnancyinfantlosssupportcentre.com, 420780AveNECalgaryABT3J4B9 
Ploughshares Calgary Society, 403-270-7366, office@ploughsharescalgary.ca, www.ploughsharescalgary.ca, 2919-8AveNWCalgaryABT2N1C8 
Peace Africa Alliance Consulting, Educating and Training Centre (PAACET), 403-803-5320, janyce.konkin@paacet.org, www.paacet.org, 2919-8thAvenueN.W.ClosetodowntowninNWCalgaryCalgaryABT2N1C8 
Perfect Attendance Foundation, 403-992-1203, info@PerfectAttendance.ca, https://perfectattendance.ca/, FromYourHomeCalgaryABT3C3X7 
Parkhill Stanley Park Community Association, 403-243-6211, vicepresident@parkhillstanleypark.ca, http://www.parkhillstanleypark.ca, 4013StanleyRoadSWCalgaryABT2S2P5 
Pathways Community Services Association, 403-247-5003, board@pathwayscsa.org, www.pathwayscsa.org, #102,691932AveNWCalgaryABT3B0K6 
Propellus (the Volunteer Centre of Calgary), 403-265-5633, info@propellus.org, http://www.propellus.org, 8025920MacleodTrailSWCalgaryABT2H0K2 
Pride Calgary, 403-536-4077, volunteer@calgarypride.ca, www.calgarypride.ca, PrincesIslandParkCalgaryABT2P2K9 
Operation Eyesight Canada, 403-670-2622, macnicolb@operationeyesight.com, www.operationeyesight.com, 200-4ParkdaleCresNWCalgaryABT2N3T8 
Parkinson Association of Alberta, 403-243-9901, volunteer@parkinsonassociation.ca, www.parkinsonalberta.ca, 1206835RailwayStSECalgaryABT2H2V6 
PALS Pet Access League Society, 403-250-7257, info@palspets.com, palspets.com, 3019-21StreetNECalgaryABT2E7T1 
Outdoor Council of Canada, 587-437-4037, kate.hamilton@outdoorcouncil.ca, www.outdoorcouncil.ca, 365536stNWCalgaryABT2L1Y8 
Ranche at Fish Creek Restoration Society, 403-460-1374, info@bowvalleyranche.com, www.bowvalleyranche.com, 315DeercliffRd.SE.CalagryABT2J5K6 
RTA Parent Association, 403-777-7520, volunteers.rta@gmail.com, , 725MapletonDrSECalgaryABT2J1S1 
Roots of Empathy Calgary, 403-402-3407, claudia.almiron@outlook.com, rootsofempathy.org, 250FerrandDrive,Suite1501TorontoONT2Y2C3 
Prostate Cancer Centre, 403-943-8869, linda.m@prostatecancercentre.ca, www.prostatecacnercentre.ca, 6500-7007-14StSWCalgaryABT2V1P9 
Pumphouse Theatre Society, 403-263-0079, operations@pumphousetheatre.ca, http://www.pumphousetheatre.ca, 2140PumphouseaveswCalgaryABT3C3P5 
Ride to Conquer Cancer, 403-775-4676, albertaridecrew@conquercancer.ca, https://ride.conquercancer.ca/alberta19/rider-hub/crew-and-volunteer/, TBACalgaryABT2P3H6 
RESET Society of Calgary, 403-205-5544, info@resetcalgary.ca, www.resetcalgary.ca , 260,7220FisherStSECalgaryABT2H2H8 
Providence Child Development Society, 403-255-5577, sjarrett@providencechildren.com, www.providencechildren.com, 5232-4thSt.SWCalgaryABT3C2W1 
Prospect Human Services, 403-835-6757, lindsay.rawding@prospectnow.ca, www.prospectnow.ca, (variouslocations)basedat91533rdStNECalgaryABT2A6T2 
PROSTAID Calgary, 403-455-1916, info@prostaidcalgary.org, www.ProstaidCalgary.org, 11337thAveSWCalgaryABT2P1B2 
Quest Theatre Society, 403-264-8575, olivia@questtheatre.org, www.questtheatre.org, 172129AvenueSWSuite#325CalgaryABT2T6T7 
Pumphouse Theatres Society, 403-263-0079, operations@pumphousetheatre.ca, http://pumphousetheatre.ca/, 2140PumphouseAveSWCalgaryABT3C3P5 
Ranchlands Community Association, 403-241-0335, ranchlandscommunity@outlook.com, http://ranchlandscommunity.com/, 7713RanchviewDriveNWCalgaryABT3G2B3 
Rowan House Society, 403-603-5982, volunteer@rowanhouse.ca, www.rowanhouse.ca, HighRiverHighRiverABT1S1M3 
Rosscarrock Hall, 403-242-0212, info@rosscarrock.org, www.rosscarrock.org, 441110AveSWCalgaryABT3C0L9 
Royal City Soccer Club, 800-427-0536, larissa@royalsoccer.com, https://royalsoccer.com/alberta/, POBox30371,RPOChinookCalgaryABT2H2W1 
Rundle School Association of Calgary, 403-975-2525, masterfantuz@gmail.com, , 4120RundlehorndriveNECalgaryABT1Y4W9 
Rethink Breast Cancer, 403-604-1175, janna@smittenweddings.com, https://rethinkbreastcancer.com/rethink-events/boobyball/, HyslopDriveSWCalgaryABT2V3A2 
Ribbon Rouge Foundation, 403-390-8904, info@woezoafrica.com, www.woezoafrica.com, 2058thAvenueS.E.CalgaryABT2G0K9 
Rockyview General Hospital, 403-943-3861, rghvolunteer.resources@ahs.ca, , 700714StreetSWCalgaryABT2V1P9 
The Rainbow Society of Alberta, 780-469-3306, roxanneh@rainbowsociety.ab.ca, https://rainbowsociety.ab.ca, Box1153StationMainCalgaryABT2P2K9 
Quickdraw Animation Society, 403-261-5767, info@quickdrawanimation.ca, www.quickdrawanimation.ca, 201110AveSWCalgaryABT3C0K4 
Run For Little Ones, 604-721-5190, taltanne@ucalgary.ca, runforlittleones.org, 890048AveNWCalgaryABT3B2B2 
Roman Catholic Diocese of Calgary, 403-218-5531, samantha.jones@calgarydiocese.ca, https://www.catholicyyc.ca/, 12017AveSWCalgaryABT2S2T2 
Safe Haven Foundation of Canada, 403-612-1885, carolyn@safehavenfoundation.ca, www.safehavenfoundation.ca, VariouslocationsCalgaryABT2V1K2 
Scottish Rite Charitable Foundation Learning Centre, 403-818-5151, davidhochman337@gmail.com, www.srcf.ca                       www.srcflcc.org, unit103,2915-21stStreetN.E.CalgaryABT2E7T1 
Seniors Secret Service Society, 403-257-8339, coordinator@seniorssecretservice.com, www.seniorssecretservice.com, 4534ManillaRdSECalgaryABT2G4B7 
Seniors for Kids, 403-861-4558, info@seniorsforkids.ca, seniorsforkids.ca, Box5,Site13,RR1CochraneABT4C1A1 
Shaganappi Nordic Operations Club (SNO), 403-390-1037, allandhicks@gmail.com, Shaganappi Nordic Operations Club-SNO, 3927-12thAveS.W.Alb.CalgaryABT3C0S9 
Seniors on the Bow of Cochrane and Area Society, 403-932-6002, sotbcentre@gmail.com, http://www.cochrane.ca/seniors, 2ndFloor,800GriffinRoadEastCochraneABT4C1B1 
Share the goods., 123-456-7890, hello@sharethegoods.ca, https://www.instagram.com/share.the.goods/, nophysicaladdresscalgaryABT2T1G9 
Sagesse Domestic Violence Prevention Society (D.B.A.: Sagesse), 403-234-7337, amy@sagesse.org, , 240,1509CentreStreetSWCalgaryABT2G2E6 
Sewing Seeds Canada, 403-804-7155, grams.kelly@gmail.com, sewingseedscanada.com, 41235AveNECalgaryABT2E2K7 
SIDS Calgary Society, 403-265-7437, sidscalgarysociety@gmail.com, https://sidscalgary.ca/, P.O.Box84084RPOMarketMallCalgaryABT3A5C4 
Sankofa, 403-805-5334, sankofacalgary@gmail.com, m.me/sankofafoundation, 1709-8thAveNECalgaryABT2E0S9 
RVS Adult Learning, 403-945-4114, tklappe@rockyview.ab.ca, https://adultlearning.rockyview.ab.ca, 2651ChinookWindsDr.S.W.AirdrieABT4B0B4 
SHARP Foundation, 403-272-2912, d.kawooya@thesharpfoundation.com, www.theSHARPfoundation.com, 5717-2StreetSW,SuiteA023CalgaryABT2H0A1 
Salvation Army Community Services (Calgary), The, 403-410-1109, jamie.hogg@salvationarmycalgary.org, www.salvationarmycalgary.org, TheSalvationArmyCentreofHope420-9thAvenueSECalgaryABT2G0R9 
Second Story Art Society (TRUCK Contemporary Art in Calgary), 403-261-7702, engagement@truck.ca, www.truck.ca/, 200910AveSWCalgaryABT3C0K4 
Shock Trauma Air Rescue Service (STARS) Foundation, 403-516-2762, volunteer@stars.ca, stars.ca, 1441AviationParkNECalgaryABT2E8M7 
Silvera for Seniors (formerly MCF Housing for Seniors), 403-472-5174, volunteer@silvera.ca, www.Silvera.ca, 1171BowValleyLaneNECalgaryABT2E8B1 
Simply Compassion Advocacy Society, 403-560-4403, simplycompassionadvocacy@gmail.com, www.seniorcareokotoks.com, 21SheepRiverHeathOkotoksOkotoksABT1S1T7 
Sanctuary Coffee (at Knox United Church), 403-269-8382, volunteer@sanctuary4yyc.com, sanctuarycoffeeyyc.com, SanctuaryCoffee(atKnoxUnitedChurch)5064thStSWCalgaryABT2P1S7 
Silver Linings Foundation, 403-536-4025, hello@silverliningsfoundation.ca, www.silverliningsfoundation.ca, Home-based(volunteer'slocation)CalgaryABT2T1Z5 
Salem Acres Bible camp, 403-773-2226, camps@salemacres.ca, https://www.salemacres.ca/, SalemAcresBibleCampP.O.Box84129MarketMallRPOCalgaryABT3A5C4 
Science Alberta Foundation, 587-227-2817, crothwell@mindfuel.ca, , 351233StreetNorthwest,#Suite260#Suite260CalgaryABT2L2A6 
Sage Theatre Society, 403-264-7243, volunteer@sagetheatre.com, http://sagetheatre.com, VariousCalgaryABT2N4S6 
Shakespeare Company Theatre in the Round Guild, 403-852-2273, ayla@shakespearecompany.com, www.shakespearecompany.com, VertigoTheatre-Studio161,1159thAveSECalgaryABT2G0P5 
Springbank Hill Community Association, 403-461-6458, info@springbankhill.org, springbankhill.org, VariouslocationswithinourcommunityofSpringbankHillCalgaryABT3H5N1 
STEAM360 Canada Foundation, 306-914-1718, info@steam360foundation.ca, www.steam360foundation.ca, 355331StNWCalgaryABT2L2K7 
Structured Abstraction, 403-472-2611, info@structuredabstraction.com, https://www.structuredabstraction.com, 5096ASTNECalgaryABT2E4A8 
Strathcona Christie Aspen Community Association, 403-249-1138, info@scacalgary.ca, www.scacalgary.ca, 277StrathconaDrSWCalgaryABT3H2A4 
Spirit West Historical Country Music Association, 403-990-1020, steve.schledt@outlook.com, , CalgaryCalgaryABT3E4H2 
STARDALE WOMEN'S GROUP, 403-903-5328, laurensbohorquez@gmail.com, Www.stardale.org, SunLifePlaza-WestTower2600,144-4AvenueSWCalgary,Alberta,CanadaT2P3N4CalgaryABT2X0Z7 
Springboard Performance, 780-860-4598, volunteer@springboardperformance.com, springboardperformance.com, 11112AveSECalgaryABT2G0Z9 
Sonshine Community Services, 403-705-3490, weaglespeaker@sonshine.ca, www.sonshine.ca, westbrookCalgaryABT3C2W2 
Start2Finish Canada, 587-435-6056, eryn.wahl@start2finishonline.org, https://www.start2finishonline.org/, BowcroftElementary394073StNWCalgaryABT3B2L9 
SouthWest Communities Resource Centre, 403-238-9222, programs@swcrc.ca, www.swcrc.ca, 42,2580SouthlandDriveS.W.CalgaryABT2V4J8 
Spirit Winds Ranch, 403-999-7763, laurel@spiritwindsranch.ca, http://spiritwindsranch.ca/, Property#54101TWPRoad270CochraneABT4C1A7 
Spinal Cord Injury Association Alberta, 403-228-7434, marilyn.erho@sci-ab.ca, www.sci-ab.ca, #10856563StreetSWCalgaryABT2H1H7 
Spruce Cliff Community Association, 403-862-0848, joegentile.yyc@gmail.com, www.Sprucecliff.org, 3375SpruceDriveSWCalgaryABT3C3A3 
Sunrise Community Link Resource Centre Society, 403-204-8280, info@sunriselink.org, https://www.sunriselink.org/, 330317thAvenueSECalgaryABT2A0R2 
Strongest Oak Foundation, 403-803-3820, ahernmarlene@yahoo.ca, http://www.thestrongestoak.org/, 61ValleyWoodsWayNWCalgaryABT3B6A2 
STARS Air Ambulence, 403-516-2762, MCruttenden@stars.ca, https://stars.ca/volunteer, 1441AviationParkNortheastCalgaryABT2E7G1 
Stroke Recovery Association of Calgary (SRAC), 587-438-8492, calgary.aphasia.centre@gmail.com, www.calgaryaphasia.com, variousvenuesinallquadrantsofCalgaryCalgaryABT2H1X1 
Sinneave Family Foundation (The Ability Hub), 403-210-5000, info@sinneavefoundation.org, www.sinneavefoundation.org, 300,382024thAveNWCalgaryABT3B2X9 
St. John Ambulance - Calgary Community Services, 403-250-2922, alicia.hudson@sja.ca, https://stjohn.ab.ca/community-services/, 723610StreetNECalgaryABT1X1T1 
Sport Calgary, 403-984-0973, events@sportcalgary.ca, https://www.sportcalgary.ca, 2424AuniversityDriveNWCalgaryABT2N3Y9 
Special Olympics Calgary, 403-735-1022, karen@specialolympicscalgary.ca, www.specialolympicscalgary.ca, #142180PegasusWayNECALGARYABT2E8M5 
Societe des parents de lecole la mosaïque, 514-803-0954, arielnanayalejandro@gmail.com, , 199martindale.blvdneCalgaryABT3J3G4 
stockmen's memorial cochrane, 403-932-3782, library@smflibrary.ca, http://www.smflibrary.ca/, 101RancheHouseRdCochraneABT4C2K8 
Social Progressives of Alberta, 403-404-3221, canadianmla@gmail.com, , 323719AveSECalgaryABT2B0A4 
Valour Canada, 403-685-2660, contact@valourcanada.ca, , 182024StSWCalgaryABT3M2E4 
University of Calgary Conjoint Faculties Research Ethics Board, 403-220-2297, cfreb@ucalgary.ca, , 2500UniversityDriveNWCalgaryABT2N1N4 
SupportWorks Inc., 403-305-4465, volunteers@supportworks.ca, www.supportworks.ca, 22312thAvenueSWCalgaryABT2R0G9 
Sustainable Alberta Association, 403-230-9395, kathryn.winkler@shaw.ca, https://commuterchallenge.ca, 223-12AveSWCalgaryABT2R0G9 
Synergy, 403-212-0242, involved@yoursynergy.ca, www.yoursynergy.ca, 101-340MerganserDr.WChestermereABT1X1L6 
TELUS Spark, 403-817-6839, volunteer@sparkscience.ca, http://sparkscience.ca/, 220St.GeorgesDriveNECalgaryABT2E5T2 
United Nations Association in Canada, Calgary Branch, 403-123-4567, info@unaccalgary.com, http://cal.unac.org/, DependsontheeventCalgaryABT2E1P9 
The Terry Fox Foundation- Alberta, 403-212-1336, oscar.andrade@terryfoxrun.org, https://www.terryfox.org/, TheTerryFoxFoundationUnitA16-61202ndStreetSE(2ndfloor)CalgaryABT2H2L8 
Twins, Triplets and More Association of Calgary, 403-922-0262, pastpresident@ttmac.org, www.ttmac.org, 7555FalconridgeBlvdNETheGenesisCentreCalgaryABT3G1Z3 
Tudor Manor (Brenda Strafford Foundation)- Calgary, 403-995-6811, sherry.little@thebsf.ca, , TudorManor200SandstoneDrOkotoksABT1S1R1 
TEDxYYC, 111-111-1111, volunteer@tedxyyc.com, https://tedxyyc.ca/, 600,6308AveSWCalgaryABT2P1G6 
University of Calgary Students' Union - Volunteer Services, 403-220-3092, volunteer@su.ucalgary.ca, su.ucalgary.ca/vs, 251MacEwanStudentCentre,2500UniversityDriveNWCalgaryABT2N1N4 
Town of Okotoks Volunteer Services, 403-938-8936, volunteer@okotoks.ca, https://www.okotoks.ca/discover-okotoks/get-involved/volunteer-resource-centre/volunteer-application-form, P.O.Box20StnMainOkotoksABT1S0B9 
Variety -the Children's Charity of Alberta Association, 403-466-1630, larry.horeczy@varietyalberta.ca, www.varietyalberta.ca, VariousLocationsCalgaryABT2S1W2 
Terry Fox Foundation- Calgary, 403-212-1336, dianne.dame@terryfoxrun.org, terryfox.org, A16,61202ndStreetSECalgaryABT2H2L8 
United Way of Calgary and Area, 403-231-6265, hr@calgaryunitedway.org, www.calgaryunitedway.org, #600,10512AveSECalgaryABT2G1A1 
University of Calgary (Alumni), 403-220-7546, alumnivolunteers@ucalgary.ca, http://bttr.im/b0b7j, 906-8AveSWUCalgaryDowntownCampusCalgaryABT2P1H9 
Unmasking the Reality of Lung Cancer, 403-801-5000, unmaskinglungcancercalgary@gmail.com, , 100263914AveSWCalgaryABT2R1H9 
Terminator Foundation, 587-899-6800, vanisha@terminatorfoundation.com, http://terminatorfoundation.com/, 480AuburnBayAveSECalgaryABT3M1T1 
THIRD ACTion Film Festival Limited, 403-561-2765, mitzi@thirdactionfilmfest.ca, thirdactionfilmfest.ca, 427-8AStreetNECalgaryABT2E4J2 
Ultimate Wheelchair Sports Foundation, 403-909-6576, info.parasports@gmail.com, https://www.ultimateparasports.com, 161037thStreetSWCalgaryABT3C3W2 
Symons Valley Park, 403-991-2405, president@symonsvalleypark.ca, www.symonsvalleypark.ca, POBox47107CreeksideCalgaryABT3P0A0 
This is My City Art Society, 403-519-3614, thisismycity.calgary@gmail.com, http://thisismycitycalgary.ca/, ThisisMyCityArtSociety#32,223-12AvenueSWCalgaryABT2R0G9 
Triwest Soccer, 403-616-0753, info@triwestsoccer.com, http://triwestsoccer.com/, 282828StreetSWCalgaryABT3E2J3 
World Youth Education and Empowerment, 000-000-0000, info@worldyoutheducation.org, https://worldyoutheducation.org/, LivingstonViewNECalgaryABT3P0Z5 
WinSport Canada (formerly Calgary Olympic Development Asso), 403-247-5409, mmungarlumley@winsport.ca, www.winsport.ca, 88CanadaOlympicRoadSWCalgaryABT3B5R5 
Wellspring Calgary SE, 587-747-0260, nikif@wellspringcalgary.ca, www.wellspringcalgary.ca , 120,70364thAveSECalgaryABT2H2C3 
Vecova Centre for Disability Services and Research, 403-284-1121, slupas@vecova.ca, vecova.ca, 330433rdStNWCalgaryABT2L2A6 
Wings of Hope Breast Cancer Foundation, 403-815-2702, info@wings-of-hope.com, www.wings-of-hope.com, POBox84007MarketMall3625ShaganappiTrailNWCalgaryABT3A5C4 
We're Together Ending Poverty (WTEP), 403-277-1957, rosemarybrown@shaw.ca, https://wtepyyc.wordpress.com    parts still under construction, 394St.N.E.CalgaryABT2E3R6 
WP Puppet Theatre Society, 403-619-2501, admin@wppuppet.com, http://www.wppuppet.com, Box61116KensingtonPOCalgaryABT2N4S6 
Women in Need Society of Calgary, 403-255-5102, volunteer@womeninneed.net, www.womeninneed.net, #1,352526AvenueSECalgaryABT2B2M9 
Westmount Charter School Society, 403-217-3707, karen.shaul@westmountcharter.com, www.westmountcharter.com, 728-32StreetNWCalgaryABT2N2V9 
Varsity Community Association, 403-288-9001, info@vcacalgary.com, www.vcacalgary.com, 4303VarsityDrNWCalgaryABT3A0Z7 
Wellspring Calgary NW , 403-521-5292, nancybc@wellspringcalgary.ca, www.wellspringcalgary.ca, 1404HomeRd.NWCalgaryABT3B1G7 
Youth Central, 403-266-5448, info@youthcentral.com, www.youthcentral.com, #820,105-12AveSECalgaryABT2G1A1 
We Did It! School-Age Care Society, 403-663-0742, info@wediditschoolagecare.com, www.wedidit.ca, 18StrathleaGroveSWCalgaryABT3H5C5 
Women's Centre of Calgary, 403-264-1155, sandra@womenscentrecalgary.org, http://www.womenscentrecalgary.org, 394StreetNECalgaryABT2E3R6 
Westwinds Communities, 403-652-8600, cadmin@westwindscommunities.ca, www.westwindscommunities.ca , 833-9StreetSWHighRiverABT1S1W5 
Will For Riding Foundation, 403-470-0649, VolunteerWFRF@Gmail.com, http://www.willforridingfoundation.com/, 123TimberstoneCrtSWCalgaryABT3Z3M6 
Wood's Homes, 403-270-1750, avemaria.beltran@woodshomes.ca, www.woodshomes.ca, 80537StreetNWCalgaryABT2N4N8 
YouQuest Young Onset Dementia Association, 403-255-7018, volunteer@youquest.ca, www.YouQuest.ca, SAITRecreation:WellnessCentreCalgaryABT2M0L4 
Youths Can Fish 2, 403-719-0723, youthscanfish2@shaw.ca, www.youthscanfish2.ca, SaddlebrookPlaceNECalgaryABT3J5M3 
Venturers Society of Calgary, 403-278-8774, vensoc2@shaw.ca, venturers.ca, FishCreekProvincialParkCalgaryABT2P2M7 
Volunteer Cochrane/FCSS, 403-851-2250, Renita.Bartlett@cochrane.ca, https://www.cochrane.ca/391/FCSS, 209SecondAvenueWCochraneABT4C2K8 
Young Women in Energy, 403-836-7718, volunteer@youngwomeninenergy.com, www.youngwomeninenergy.com, 600,6308AvenueSWCalgaryABT2P1G6 
Vibrant Communities Calgary, 403-283-2193, info@vibrantcalgary.com, www.vibrantcalgary.com, 400,119-14StNWCalgaryABT2N1Z6 
YMCA Calgary, 403-542-5377, volunteer@calgary.ymca.ca, https://www.ymcacalgary.org/, 1013rdStSWCalgaryABT3G3S3 
Youth Singers of Calgary, 403-234-9549, volunteer@youthsingers.org, youthsingers.org, 1371HastingsCresSECalgaryABT2G4C8 
YW Calgary, 403-750-5358, swilmot@ywcalgary.ca, , 171517thAvenueSECalgaryABT2G5J1 
YYC Net Lab, 403-836-7593, info@yycnetlab.org, http://www.yycnetlab.org/, 14704DeerRidgeDrSECalgaryABT2J5Y4 
